{
  "properties": {
    "connectionReferences": {
      "shared_approvals": {
        "runtimeSource": "embedded",
        "connection": {
          "connectionReferenceLogicalName": "hack_sharedapprovals_f60b6"
        },
        "api": {
          "name": "shared_approvals"
        }
      },
      "shared_commondataserviceforapps": {
        "impersonation": {},
        "runtimeSource": "embedded",
        "connection": {
          "connectionReferenceLogicalName": "hack_sharedcommondataserviceforapps_f62e7"
        },
        "api": {
          "name": "shared_commondataserviceforapps"
        }
      },
      "shared_office365": {
        "runtimeSource": "embedded",
        "connection": {
          "connectionReferenceLogicalName": "hack_sharedoffice365_f5a46"
        },
        "api": {
          "name": "shared_office365"
        }
      }
    },
    "definition": {
      "$schema": "https://schema.management.azure.com/providers/Microsoft.Logic/schemas/2016-06-01/workflowdefinition.json#",
      "contentVersion": "1.0.0.0",
      "parameters": {
        "$connections": {
          "defaultValue": {},
          "type": "Object"
        },
        "$authentication": {
          "defaultValue": {},
          "type": "SecureObject"
        }
      },
      "triggers": {
        "When_a_row_is_added,_modified_or_deleted": {
          "metadata": {
            "operationMetadataId": "900e7d21-f980-4d23-85d6-09121a90daae"
          },
          "type": "OpenApiConnectionWebhook",
          "inputs": {
            "host": {
              "apiId": "/providers/Microsoft.PowerApps/apis/shared_commondataserviceforapps",
              "connectionName": "shared_commondataserviceforapps",
              "operationId": "SubscribeWebhookTrigger"
            },
            "parameters": {
              "subscriptionRequest/message": 1,
              "subscriptionRequest/entityname": "cr3b2_hospitalappointmentbooking",
              "subscriptionRequest/scope": 4
            },
            "authentication": "@parameters('$authentication')"
          }
        }
      },
      "actions": {
        "Start_and_wait_for_an_approval": {
          "runAfter": {},
          "metadata": {
            "operationMetadataId": "22d48d33-46aa-4ada-8cb4-6628c896754f"
          },
          "type": "OpenApiConnectionWebhook",
          "inputs": {
            "host": {
              "apiId": "/providers/Microsoft.PowerApps/apis/shared_approvals",
              "connectionName": "shared_approvals",
              "operationId": "StartAndWaitForAnApproval"
            },
            "parameters": {
              "approvalType": "Basic",
              "WebhookApprovalCreationInput/title": "Approval Request for @{triggerOutputs()?['body/cr3b2_doctorname']}",
              "WebhookApprovalCreationInput/assignedTo": "khizermalik@8ll7z4.onmicrosoft.com;",
              "WebhookApprovalCreationInput/enableNotifications": true,
              "WebhookApprovalCreationInput/enableReassignment": true
            },
            "authentication": "@parameters('$authentication')"
          }
        },
        "Condition": {
          "actions": {
            "Update_a_row": {
              "runAfter": {},
              "metadata": {
                "operationMetadataId": "d2336475-ecda-4926-bbe2-e4dd30c66c65"
              },
              "type": "OpenApiConnection",
              "inputs": {
                "host": {
                  "apiId": "/providers/Microsoft.PowerApps/apis/shared_commondataserviceforapps",
                  "connectionName": "shared_commondataserviceforapps",
                  "operationId": "UpdateRecord"
                },
                "parameters": {
                  "entityName": "cr3b2_hospitalappointmentbookings",
                  "recordId": "@outputs('Compose')",
                  "item/cr3b2_appointmentstatus": 133140001
                },
                "authentication": "@parameters('$authentication')"
              }
            },
            "Apply_to_each": {
              "foreach": "@outputs('Start_and_wait_for_an_approval')?['body/responses']",
              "actions": {
                "Send_an_email_(V2)": {
                  "runAfter": {},
                  "metadata": {
                    "operationMetadataId": "d99676b0-eb19-4f15-8d5c-4e3322772c97"
                  },
                  "type": "OpenApiConnection",
                  "inputs": {
                    "host": {
                      "apiId": "/providers/Microsoft.PowerApps/apis/shared_office365",
                      "connectionName": "shared_office365",
                      "operationId": "SendEmailV2"
                    },
                    "parameters": {
                      "emailMessage/To": "@triggerOutputs()?['body/cr3b2_patientemail']",
                      "emailMessage/Subject": "Request for Appointment Booking by @{triggerOutputs()?['body/cr3b2_patientname']}",
                      "emailMessage/Body": "<p>Dear @{triggerOutputs()?['body/cr3b2_patientname']},<br>\n<br>\nI hope this email finds you well. We would like to express our sincere appreciation for choosing our Hospital. We are writing this email to inform you the outcome of your request.<br>\n<br>\nYour Appointment request is &nbsp;\"@{items('Apply_to_each')?['approverResponse']}\".<br>\n<br>\nBest regards,<br>\nManagement Team</p>",
                      "emailMessage/Importance": "Normal"
                    },
                    "authentication": "@parameters('$authentication')"
                  }
                }
              },
              "runAfter": {
                "Update_a_row": [
                  "Succeeded"
                ]
              },
              "metadata": {
                "operationMetadataId": "0146f0cc-8aac-450f-be8c-d911f6f072a2"
              },
              "type": "Foreach"
            }
          },
          "runAfter": {
            "Compose": [
              "Succeeded"
            ]
          },
          "else": {
            "actions": {
              "Update_a_row_2": {
                "runAfter": {},
                "metadata": {
                  "operationMetadataId": "5cb694dd-7eaf-4f2f-ba24-351a8ca108cc"
                },
                "type": "OpenApiConnection",
                "inputs": {
                  "host": {
                    "apiId": "/providers/Microsoft.PowerApps/apis/shared_commondataserviceforapps",
                    "connectionName": "shared_commondataserviceforapps",
                    "operationId": "UpdateRecord"
                  },
                  "parameters": {
                    "entityName": "cr3b2_hospitalappointmentbookings",
                    "recordId": "@outputs('Compose')",
                    "item/cr3b2_appointmentstatus": 133140002
                  },
                  "authentication": "@parameters('$authentication')"
                }
              },
              "Apply_to_each_2": {
                "foreach": "@outputs('Start_and_wait_for_an_approval')?['body/responses']",
                "actions": {
                  "Send_an_email_(V2)_2": {
                    "runAfter": {},
                    "metadata": {
                      "operationMetadataId": "d99676b0-eb19-4f15-8d5c-4e3322772c97"
                    },
                    "type": "OpenApiConnection",
                    "inputs": {
                      "host": {
                        "apiId": "/providers/Microsoft.PowerApps/apis/shared_office365",
                        "connectionName": "shared_office365",
                        "operationId": "SendEmailV2"
                      },
                      "parameters": {
                        "emailMessage/To": "@triggerOutputs()?['body/cr3b2_patientemail']",
                        "emailMessage/Subject": "Request for Appointment Booking by @{triggerOutputs()?['body/cr3b2_patientname']}",
                        "emailMessage/Body": "<p>Dear @{triggerOutputs()?['body/cr3b2_patientname']},<br>\n<br>\nI hope this email finds you well. We would like to express our sincere appreciation for choosing our Hospital. We are writing this email to inform you the outcome of your request.<br>\n<br>\nYour Appointment request is &nbsp;\"@{items('Apply_to_each_2')?['approverResponse']}\".<br>\n<br>\nBest regards,<br>\nManagement Team</p>",
                        "emailMessage/Importance": "Normal"
                      },
                      "authentication": "@parameters('$authentication')"
                    }
                  }
                },
                "runAfter": {
                  "Update_a_row_2": [
                    "Succeeded"
                  ]
                },
                "metadata": {
                  "operationMetadataId": "b7b50f63-1373-4b00-80a7-a714439a22cb"
                },
                "type": "Foreach"
              }
            }
          },
          "expression": {
            "equals": [
              "@outputs('Start_and_wait_for_an_approval')?['body/outcome']",
              "Approve"
            ]
          },
          "metadata": {
            "operationMetadataId": "cd77ee9b-1a63-495c-9752-e4ecd78a1d22"
          },
          "type": "If"
        },
        "Compose": {
          "runAfter": {
            "Start_and_wait_for_an_approval": [
              "Succeeded"
            ]
          },
          "metadata": {
            "operationMetadataId": "2ce307ba-29e5-4a33-a2bd-765680340d8c"
          },
          "type": "Compose",
          "inputs": "@triggerOutputs()?['body/ItemInternalId']"
        }
      }
    },
    "templateName": null
  },
  "schemaVersion": "1.0.0.0"
}